<?xml version="1.0" encoding="UTF-8"?>
<con:soapui-project id="d2136115-94fd-4364-83a6-65d4da8e9ec4" activeEnvironment="Default" name="JenkinsSOAP" soapui-version="5.3.0" xmlns:con="http://eviware.com/soapui/config"><con:settings/><con:interface xsi:type="con:WsdlInterface" id="086a4c34-8cc7-4822-8dfe-0afb14189678" wsaVersion="NONE" name="HelloSoapBinding" type="wsdl" bindingName="{http://DefaultNamespace}HelloSoapBinding" soapVersion="1_1" anonymous="optional" definition="http://localhost:8081/messageservice/services/Hello?wsdl" xmlns:xsi="http://www.w3.org/2001/XMLSchema-instance"><con:settings/><con:definitionCache type="TEXT" rootPart="http://localhost:8081/messageservice/services/Hello?wsdl"><con:part><con:url>http://localhost:8081/messageservice/services/Hello?wsdl</con:url><con:content><![CDATA[<wsdl:definitions targetNamespace="http://DefaultNamespace" xmlns:apachesoap="http://xml.apache.org/xml-soap" xmlns:impl="http://DefaultNamespace" xmlns:intf="http://DefaultNamespace" xmlns:wsdl="http://schemas.xmlsoap.org/wsdl/" xmlns:wsdlsoap="http://schemas.xmlsoap.org/wsdl/soap/" xmlns:xsd="http://www.w3.org/2001/XMLSchema">
  <!--WSDL created by Apache Axis version: 1.4
Built on Apr 22, 2006 (06:55:48 PDT)-->
  <wsdl:types>
    <schema elementFormDefault="qualified" targetNamespace="http://DefaultNamespace" xmlns="http://www.w3.org/2001/XMLSchema">
      <element name="helloName">
        <complexType>
          <sequence>
            <element name="name" type="xsd:string"/>
          </sequence>
        </complexType>
      </element>
      <element name="helloNameResponse">
        <complexType>
          <sequence>
            <element name="helloNameReturn" type="xsd:string"/>
          </sequence>
        </complexType>
      </element>
    </schema>
  </wsdl:types>
  <wsdl:message name="helloNameRequest">
    <wsdl:part element="impl:helloName" name="parameters"></wsdl:part>
  </wsdl:message>
  <wsdl:message name="helloNameResponse">
    <wsdl:part element="impl:helloNameResponse" name="parameters"></wsdl:part>
  </wsdl:message>
  <wsdl:portType name="Hello">
    <wsdl:operation name="helloName">
      <wsdl:input message="impl:helloNameRequest" name="helloNameRequest"></wsdl:input>
      <wsdl:output message="impl:helloNameResponse" name="helloNameResponse"></wsdl:output>
    </wsdl:operation>
  </wsdl:portType>
  <wsdl:binding name="HelloSoapBinding" type="impl:Hello">
    <wsdlsoap:binding style="document" transport="http://schemas.xmlsoap.org/soap/http"/>
    <wsdl:operation name="helloName">
      <wsdlsoap:operation soapAction=""/>
      <wsdl:input name="helloNameRequest">
        <wsdlsoap:body use="literal"/>
      </wsdl:input>
      <wsdl:output name="helloNameResponse">
        <wsdlsoap:body use="literal"/>
      </wsdl:output>
    </wsdl:operation>
  </wsdl:binding>
  <wsdl:service name="HelloService">
    <wsdl:port binding="impl:HelloSoapBinding" name="Hello">
      <wsdlsoap:address location="http://localhost:8081/messageservice/services/Hello"/>
    </wsdl:port>
  </wsdl:service>
</wsdl:definitions>]]></con:content><con:type>http://schemas.xmlsoap.org/wsdl/</con:type></con:part></con:definitionCache><con:endpoints><con:endpoint>http://localhost:8081/messageservice/services/Hello</con:endpoint></con:endpoints><con:operation id="64724d4a-60ed-4c9b-98fe-31297175219d" isOneWay="false" action="" name="helloName" bindingOperationName="helloName" type="Request-Response" outputName="helloNameResponse" inputName="helloNameRequest" receivesAttachments="false" sendsAttachments="false" anonymous="optional"><con:settings/><con:call id="4f64387f-a88b-44f0-b63e-ee7fcf448e20" name="Request 1"><con:settings><con:setting id="com.eviware.soapui.impl.wsdl.WsdlRequest@request-headers">&lt;xml-fragment/></con:setting></con:settings><con:encoding>UTF-8</con:encoding><con:endpoint>http://localhost:8081/messageservice/services/Hello</con:endpoint><con:request><![CDATA[<soapenv:Envelope xmlns:soapenv="http://schemas.xmlsoap.org/soap/envelope/" xmlns:def="http://DefaultNamespace">\r
   <soapenv:Header/>\r
   <soapenv:Body>\r
      <def:helloName>\r
         <def:name>?</def:name>\r
      </def:helloName>\r
   </soapenv:Body>\r
</soapenv:Envelope>]]></con:request><con:credentials><con:authType>No Authorization</con:authType></con:credentials><con:jmsConfig JMSDeliveryMode="PERSISTENT"/><con:jmsPropertyConfig/><con:wsaConfig mustUnderstand="NONE" version="200508" action="http://DefaultNamespace/Hello/helloNameRequest"/><con:wsrmConfig version="1.2"/></con:call></con:operation></con:interface><con:properties/><con:wssContainer/><con:oAuth2ProfileContainer/><con:oAuth1ProfileContainer/></con:soapui-project>